{"cameraMode":{"drawMode":0,"name":"Shaded","section":"Shading Mode"},"sceneLighting":false,"audioPlay":false,"sceneViewState":{"m_AlwaysRefresh":false,"showFog":true,"showSkybox":false,"showFlares":true,"showImageEffects":true,"showParticleSystems":true,"showVisualEffectGraphs":true,"m_FxEnabled":true},"in2DMode":false,"pivot":{"x":0.07899761199951172,"y":2.508303642272949,"z":-201.51412963867188},"rotation":{"x":0.02688479982316494,"y":0.925757110118866,"z":-0.06705814599990845,"w":0.37115737795829775},"size":3.8795320987701418,"orthographic":false}